rid;cron
eea78f67-197d-4489-8b8b-43c7697aca86;coaxingly indeed gee
7d3244a0-76fa-4ef8-b973-2d570a43899f;after but
7c3ac89d-185c-4d09-9ff2-c308ff7137f7;brownie anti
6cbb30b4-311f-4479-bbb5-ca7536ab1792;zowie and so
d89fb8fc-8707-4751-91f6-cacbd734eb82;at
56e4a2ac-1f99-4ec9-8c4e-14962546feae;needily fooey
2fa63843-3cda-4df5-a53f-8d04c0875046;blah
b193e23d-d5bc-42b0-8ec1-9d011f66c53a;unto
a02ee4a4-493a-4b1f-b854-62d118b9b165;polished vivaciously
32647948-2dff-4e49-aac8-71883f3f3773;reiterate dreamily s
