id;date;error;url;user
1;2024-04-17T16:20:42;pfft;https://humongous-melatonin.com;sashay
2;2024-04-17T23:37:09;format;https://precious-outlet.org;ha jaggedly
3;2024-04-18T12:56:38;gah burglar;https://winged-manner.com/;what assured really
4;2024-04-18T11:07:27;terrific;https://few-inglenook.name/;kissingly
5;2024-04-18T00:56:52;tassel disrobe hourly;https://spotless-solution.com/;personal
6;2024-04-18T04:21:42;blemish attentive failing;https://thrifty-chow.com;superiority streamline
7;2024-04-18T01:59:19;witty;https://silky-verification.name;thunderous
8;2024-04-17T22:48:42;worry;https://knowledgeable-courage.net;the
9;2024-04-18T00:27:44;eek coolly meanwhile;https://belated-ravioli.com/;apropos reproachfully yippee
10;2024-04-18T08:26:08;restfully madly;https://unsightly-alto.com/;through
