rid;email;description
be443b49-a96c-4d23-8983-36c0ec6f0424;"8jy0Z@/kn:/X";against locker
65102831-9221-44fd-9334-6c98cbc5b6b6;"){@/K";pressroom tightly another
c97ce5ff-54f0-44ad-94e7-4c17ec0708ce;"pN\@v_";tarnish degenerate adorable
073a664f-0c8c-4ddb-95fa-24cef45efdfd;"G1;P6>@n";capitalise
732479dd-480b-4001-b3e3-3b44da52391c;"I@ zi^";anxiously lunge
70c3eca5-089e-4c4d-b51c-7a01e132acc0;"LdC@-P`";an
afd61a89-6fff-4c1f-b198-b2bbc07cb1e5;"`@R)}z#";simple intrigue
34b81237-9e66-4156-9b7a-861b9c4db7ea;"6(8n|@Ehn";on
13739f18-dd79-4557-aa7a-1736c82b8fe0;"[qf@F";yowza
de3bab1f-ebc4-45fd-b9b7-5c6d079b9516;"VVd@AYT";thick fervently plastic
