id;source_column_name;source_column_index;column_title;lang
1;net periodic;5119;provided redound;swap
2;supposing zowie strap;19434;retina;anxiously um
3;besides father;29394;jubilantly rush;what manhunt
4;mortality anti jury;12870;lightly if;yet
5;round boohoo;6228;oof midst;pungent mid
6;hairy since reprieve;2321;conception;sigh yippee
7;among;19108;yieldingly down adapt;underneath
8;liar;16042;until vice yuck;vilify commandeer
9;excluding blissfully;28186;frame shellac;since yowza conscious
10;even;21324;yowza eager;that what
